{"accuracy": [0.8220833539962769, 0.8983333110809326, 0.934166669845581], "loss": [0.3862505853176117, 0.2446872740983963, 0.17092075943946838], "val_accuracy": [0.8483333587646484, 0.9100000262260437, 0.9266666769981384], "val_loss": [0.34643110632896423, 0.24302169680595398, 0.22086215019226074]}